run,seed,arm,stage,task_weight,zero_shot.primary_map50,zero_shot.primary_n_classes,zero_shot.map50,zero_shot.map50_95,zero_shot.precision,zero_shot.recall,zero_shot.per_class_ap50.bicycle,zero_shot.per_class_ap50.car,zero_shot.per_class_ap50.dog,zero_shot.per_class_ap50.person,fidelity.lpips,fidelity.fid,fidelity.psnr,fidelity.ssim,detector.map50,faithfulness.false_object_rate,faithfulness.missed_object_rate,faithfulness.detection_consistency
e3f-control-s0,0,control,0,0,0.125367,3.000000,0.094105,0.040816,0.517639,0.092383,0.012319,0.310352,0.000321,0.053428,0.421079,132.814087,12.730421,0.356356,0.373066,,,
e3f-control-s0,0,control,1,0,0.146500,3.000000,0.109875,0.054753,0.492596,0.118033,0.024268,0.356737,0.000000,0.058496,0.443327,112.116226,12.275531,0.380110,0.362997,,,
e3f-control-s0,0,control,2,0,0.108419,3.000000,0.081900,0.035731,0.203736,0.085185,0.009586,0.287905,0.002344,0.027765,0.504525,150.028687,9.751385,0.284942,0.319568,,,
e3f-control-s0,0,control,3,0,0.249461,3.000000,0.187177,0.086968,0.643507,0.182201,0.140785,0.492508,0.000325,0.115091,0.397022,87.355240,13.699208,0.470360,0.349719,0.253544,0.785797,0.202280
e3f-control-s1,1,control,0,0,0.073534,3.000000,0.055151,0.023440,0.419573,0.069252,0.008219,0.190552,0.000000,0.021831,0.422075,113.458748,12.923923,0.348010,0.361132,,,
e3f-control-s1,1,control,1,0,0.012877,3.000000,0.009658,0.003855,0.290935,0.031659,0.000019,0.025096,0.000000,0.013517,0.680257,317.458313,6.111332,0.178326,0.258575,,,
e3f-control-s1,1,control,2,0,0.103145,3.000000,0.077359,0.039114,0.206681,0.082712,0.007090,0.266665,0.000000,0.035681,0.437030,108.484169,11.200003,0.419465,0.342311,,,
e3f-control-s1,1,control,3,0,0.122640,3.000000,0.091980,0.043649,0.205545,0.093945,0.002745,0.336923,0.000000,0.028253,0.475256,115.264114,10.122923,0.364546,0.330791,0.242003,0.873315,0.118015
e3f-control-s2,2,control,0,0,0.110155,3.000000,0.082616,0.039018,0.430690,0.098684,0.012058,0.279011,0.000000,0.039394,0.489679,199.783554,11.498534,0.310529,0.361905,,,
e3f-control-s2,2,control,1,0,0.097506,3.000000,0.073129,0.032199,0.420756,0.108712,0.063853,0.209162,0.000000,0.019501,0.449073,132.791504,12.171707,0.363099,0.377699,,,
e3f-control-s2,2,control,2,0,0.112339,3.000000,0.084285,0.039734,0.218004,0.142743,0.063381,0.234779,0.000123,0.038859,0.421775,98.910309,12.731830,0.422452,0.363113,,,
e3f-control-s2,2,control,3,0,0.049868,3.000000,0.037401,0.016057,0.365409,0.049665,0.007377,0.132133,0.000000,0.010095,0.583237,182.420746,10.159594,0.335993,0.307697,0.440890,0.953278,0.044814
e3f-control-s3,3,control,0,0,0.109943,3.000000,0.082457,0.036375,0.193089,0.099161,0.023311,0.277979,0.000000,0.028540,0.517754,170.202332,10.937536,0.306177,0.357602,,,
e3f-control-s3,3,control,1,0,0.108807,3.000000,0.081680,0.036676,0.227588,0.106012,0.030612,0.242222,0.000299,0.053587,0.465658,154.537323,11.475942,0.377327,0.357463,,,
e3f-control-s3,3,control,2,0,0.000000,3.000000,0.000000,0.000000,0.000000,0.000000,0.000000,0.000000,0.000000,0.000000,0.588975,413.007751,7.843901,0.015766,0.318491,,,
e3f-control-s3,3,control,3,0,0.000239,3.000000,0.000179,0.000079,0.001579,0.004059,0.000021,0.000681,0.000000,0.000014,0.525262,221.859177,9.487186,0.088155,0.317410,0.963855,0.999651,0.000224
e3f-control-s4,4,control,0,0,0.000179,3.000000,0.000134,0.000042,0.005506,0.002850,0.000000,0.000536,0.000000,0.000000,1.009234,443.946442,3.447562,0.002932,0.008778,,,
e3f-control-s4,4,control,1,0,0.000002,3.000000,0.000002,0.000001,0.000361,0.001519,0.000000,0.000001,0.000000,0.000006,0.562777,306.706970,9.399734,0.156707,0.322283,,,
e3f-control-s4,4,control,2,0,0.106682,3.000000,0.080011,0.037080,0.235475,0.113401,0.048570,0.236319,0.000000,0.035156,0.470781,170.318405,12.414725,0.359409,0.353351,,,
e3f-control-s4,4,control,3,0,0.115542,3.000000,0.086656,0.038264,0.222577,0.149290,0.069102,0.237791,0.000000,0.039733,0.442393,92.594994,11.873393,0.384799,0.379026,0.534166,0.926313,0.068954
e3f-control-s5,5,control,0,0,0.013842,3.000000,0.010382,0.003043,0.331625,0.018568,0.000021,0.039119,0.000000,0.002386,0.811794,315.259949,4.894257,0.116097,0.118482,,,
e3f-control-s5,5,control,1,0,0.060464,3.000000,0.045348,0.021471,0.138587,0.064219,0.009098,0.156206,0.000000,0.016088,0.433070,136.156174,12.909871,0.342738,0.354487,,,
e3f-control-s5,5,control,2,0,0.133148,3.000000,0.099861,0.048135,0.220297,0.114645,0.026924,0.333373,0.000000,0.039147,0.421059,113.349297,13.411649,0.387288,0.365307,,,
e3f-control-s5,5,control,3,0,0.003714,3.000000,0.002786,0.000875,0.002031,0.014337,0.005009,0.005300,0.000000,0.000833,0.566243,328.395569,9.371244,0.119982,0.305838,0.684211,0.999303,0.000671
e3f-loop-s0,0,loop,0,0,0.109755,3.000000,0.082316,0.039188,0.422545,0.087575,0.010998,0.294294,0.000000,0.023973,0.419983,108.032814,12.461053,0.395362,0.361066,,,
e3f-loop-s0,0,loop,1,1,0.410031,3.000000,0.327452,0.151830,0.562744,0.290773,0.175314,0.663073,0.079715,0.391706,0.436218,107.175392,12.625748,0.389088,0.442722,,,
e3f-loop-s0,0,loop,2,2,0.426657,3.000000,0.333736,0.161746,0.521484,0.303517,0.174147,0.706009,0.054973,0.399816,0.412165,96.070831,13.277399,0.462183,0.434554,,,
e3f-loop-s0,0,loop,3,3,0.477354,3.000000,0.374621,0.178537,0.530815,0.341788,0.237706,0.729614,0.066422,0.464743,0.410464,97.513641,12.787950,0.480989,0.428871,0.172449,0.523129,0.416853
e3f-loop-s1,1,loop,0,0,0.116391,3.000000,0.087293,0.039764,0.433109,0.103942,0.011722,0.301467,0.000000,0.035983,0.402173,103.275276,13.649454,0.401878,0.356433,,,
e3f-loop-s1,1,loop,1,1,0.352085,3.000000,0.268513,0.132235,0.683848,0.246491,0.097619,0.620493,0.017796,0.338142,0.423964,122.434952,12.031885,0.389744,0.434416,,,
e3f-loop-s1,1,loop,2,2,0.454316,3.000000,0.348396,0.165545,0.517567,0.337378,0.235372,0.707442,0.030635,0.420134,0.395214,91.766289,13.415081,0.483622,0.445449,,,
e3f-loop-s1,1,loop,3,3,0.466887,3.000000,0.355673,0.168890,0.482534,0.314446,0.248934,0.741155,0.022029,0.410573,0.414339,88.829468,12.934482,0.497222,0.425539,0.197782,0.537541,0.414841
e3f-loop-s2,2,loop,0,0,0.095040,3.000000,0.071280,0.034365,0.407941,0.081178,0.010805,0.252671,0.000000,0.021645,0.454174,125.933296,12.343174,0.355123,0.358289,,,
e3f-loop-s2,2,loop,1,1,0.397883,3.000000,0.298432,0.148088,0.457677,0.272892,0.179890,0.667329,0.000077,0.346432,0.546902,143.578293,11.396534,0.316411,0.448009,,,
e3f-loop-s2,2,loop,2,2,0.406732,3.000000,0.305061,0.149775,0.453142,0.277176,0.203253,0.625450,0.000047,0.391494,0.424340,110.018349,12.673994,0.413544,0.457815,,,
e3f-loop-s2,2,loop,3,3,0.427959,3.000000,0.323541,0.156911,0.479465,0.287656,0.209135,0.677370,0.010287,0.397371,0.422632,103.400406,12.762724,0.431819,0.437187,0.175889,0.593212,0.350246
e3f-loop-s3,3,loop,0,0,0.096683,3.000000,0.072512,0.031460,0.398912,0.086123,0.015031,0.256266,0.000000,0.018753,0.422611,119.135063,12.674681,0.398943,0.371673,,,
e3f-loop-s3,3,loop,1,1,0.352592,3.000000,0.265075,0.128811,0.690964,0.247438,0.147550,0.611490,0.002524,0.298736,0.429710,109.861908,13.682442,0.395381,0.441809,,,
e3f-loop-s3,3,loop,2,2,0.389680,3.000000,0.293702,0.144850,0.462436,0.268973,0.169277,0.654251,0.005768,0.345512,0.410838,109.871880,13.507244,0.416317,0.450891,,,
e3f-loop-s3,3,loop,3,3,0.425070,3.000000,0.319018,0.152027,0.471488,0.285215,0.209217,0.669841,0.000861,0.396153,0.434361,96.199951,11.887878,0.449674,0.437817,0.220660,0.594026,0.358963
e3f-loop-s4,4,loop,0,0,0.070917,3.000000,0.053188,0.023699,0.412449,0.075594,0.005746,0.183286,0.000000,0.023717,0.415399,127.005508,13.432189,0.386792,0.357585,,,
e3f-loop-s4,4,loop,1,1,0.298135,3.000000,0.230246,0.102130,0.372075,0.251026,0.110700,0.462152,0.026579,0.321553,0.498008,145.543976,11.434177,0.309921,0.411107,,,
e3f-loop-s4,4,loop,2,2,0.420337,3.000000,0.318976,0.148981,0.430135,0.317861,0.222601,0.636703,0.014892,0.401708,0.400024,95.367836,13.685576,0.458138,0.447052,,,
e3f-loop-s4,4,loop,3,3,0.414330,3.000000,0.314972,0.149157,0.453704,0.292621,0.184340,0.644352,0.016898,0.414299,0.434308,99.427429,12.212207,0.449218,0.437414,0.163588,0.600070,0.345887
e3f-loop-s5,5,loop,0,0,0.103639,3.000000,0.077729,0.035947,0.465327,0.080506,0.020404,0.237046,0.000000,0.053467,0.482012,213.421021,12.405149,0.304955,0.409212,,,
e3f-loop-s5,5,loop,1,1,0.431088,3.000000,0.335285,0.156468,0.421096,0.341832,0.190835,0.650121,0.047877,0.452307,0.409886,126.908043,13.429316,0.406272,0.448070,,,
e3f-loop-s5,5,loop,2,2,0.434496,3.000000,0.327436,0.159803,0.733347,0.291458,0.197336,0.680976,0.006258,0.425177,0.407954,100.409676,14.059143,0.437106,0.433679,,,
e3f-loop-s5,5,loop,3,3,0.437194,3.000000,0.329947,0.159944,0.445577,0.314031,0.180157,0.711024,0.008206,0.420401,0.415093,111.382545,14.036967,0.436055,0.415047,0.193813,0.554742,0.388690
